loan_id,origination_date,state,region,employment_status,income,credit_score,debt_to_income,loan_purpose,loan_type,loan_term,property_value,loan_to_value,loan_amount,interest_rate,loan_status,default_risk,approval_flag,loan_size_band,income_band,origination_year,origination_month
1001,2024-02-23,TX,South,Self-Employed,39250,695,34.96,Purchase,Conventional,30,378536,71.28,269820,6.85,Approved,Low,1,Medium,Low,2024,2
1002,2024-03-30,OH,Midwest,Full-Time,61987,662,19.42,Refinance,Conventional,15,330315,77.54,256126,6.46,Approved,Medium,1,Medium,Middle,2024,3
1003,2024-02-07,IL,Midwest,Full-Time,148113,733,42.76,Purchase,VA,30,353871,92.27,326517,6.47,Approved,Medium,1,Large,High,2024,2
1004,2025-05-12,AZ,West,Full-Time,115425,705,51.24,Purchase,Conventional,30,338425,82.46,279065,6.15,Pending,Medium,0,Medium,High,2025,5
1005,2024-12-10,CA,West,Full-Time,168646,602,48.46,Purchase,VA,30,600838,96.88,582092,8.25,Denied,High,0,Large,High,2024,12
1006,2024-08-26,AZ,West,Part-Time,55576,689,19.35,Purchase,Conventional,30,442569,87.09,385433,6.86,Approved,Medium,1,Large,Middle,2024,8
1007,2024-01-01,CA,West,Full-Time,71818,580,39.26,Purchase,FHA,30,619060,91.71,567740,7.98,Denied,High,0,Large,Middle,2024,1
1008,2024-12-08,WA,West,Full-Time,76738,766,26.7,Purchase,FHA,30,754002,90.37,681392,5.87,Approved,Medium,1,"Very Large",Middle,2024,12
1009,2024-11-09,TX,South,Full-Time,222729,763,27.75,Purchase,FHA,15,452504,92.81,419969,5.89,Approved,Medium,1,Large,High,2024,11
1010,2025-04-10,NY,Northeast,Full-Time,218014,728,34.54,Purchase,Conventional,15,619861,79.13,490496,5.9,Approved,Low,1,Large,High,2025,4
1011,2024-04-17,AZ,West,Full-Time,165575,612,35.21,Purchase,Conventional,30,403334,78.1,315004,7.85,Pending,Medium,0,Large,High,2024,4
1012,2024-01-18,TX,South,Full-Time,48388,615,35.51,Refinance,Conventional,15,503733,77.85,392156,7.43,Denied,Medium,0,Large,Low,2024,1
1013,2024-01-29,TX,South,Self-Employed,97858,674,42.55,Purchase,Conventional,15,509247,74.87,381273,6.52,Approved,Medium,1,Large,Middle,2024,1
1014,2024-02-23,FL,South,Full-Time,233171,682,32.14,Refinance,Conventional,15,475474,87.54,416230,6.41,Approved,Medium,1,Large,High,2024,2
1015,2025-02-28,FL,South,Full-Time,233241,723,20.96,Refinance,Conventional,30,303789,86.88,263932,6.07,Approved,Low,1,Medium,High,2025,2
1016,2025-02-01,FL,South,Full-Time,112290,688,32.07,Purchase,Conventional,30,537666,79.5,427444,6.86,Approved,Low,1,Large,High,2025,2
1017,2024-12-11,GA,South,Full-Time,59633,668,29.3,Refinance,Conventional,15,458709,86.83,398297,6.66,Approved,Medium,1,Large,Middle,2024,12
1018,2024-02-02,WA,West,Part-Time,222488,785,42.89,Purchase,Conventional,30,457839,85.43,391132,5.54,Approved,Medium,1,Large,High,2024,2
1019,2025-03-02,FL,South,Full-Time,60078,622,30.16,Refinance,Conventional,30,537059,85.31,458165,7.22,Pending,Medium,0,Large,Middle,2025,3
1020,2024-10-16,AZ,West,Full-Time,102529,632,35.45,Refinance,Conventional,15,535172,70.22,375798,6.98,Approved,Medium,1,Large,High,2024,10
1021,2025-03-22,AZ,West,Full-Time,44934,742,30.46,Purchase,Conventional,30,468778,78.94,370053,5.28,Approved,Low,1,Large,Low,2025,3
1022,2024-09-09,PA,Northeast,Self-Employed,85096,759,24.71,Refinance,Conventional,30,414547,83.72,347059,5.63,Approved,Low,1,Large,Middle,2024,9
1023,2025-02-28,TX,South,Full-Time,102731,624,49.47,Purchase,Conventional,30,306014,70.52,215801,7.11,Pending,High,0,Medium,High,2025,2
1024,2024-12-27,AZ,West,Full-Time,84923,684,45.16,Refinance,FHA,30,470322,94.78,445771,7.17,Pending,High,0,Large,Middle,2024,12
1025,2024-07-29,GA,South,Full-Time,53570,620,25.94,Purchase,Conventional,30,337775,86.74,292986,7.34,Approved,Medium,1,Medium,Middle,2024,7
1026,2024-03-02,CA,West,Full-Time,74803,722,34.68,Purchase,Conventional,15,629021,81.43,512212,5.8,Approved,Low,1,Large,Middle,2024,3
1027,2024-01-10,FL,South,Full-Time,81001,703,37.66,Purchase,Conventional,30,275421,83.7,230527,6.28,Approved,Medium,1,Medium,Middle,2024,1
1028,2024-09-26,OH,Midwest,Part-Time,90288,726,50.63,Purchase,FHA,30,271892,93.29,253648,6.26,Pending,Medium,0,Medium,Middle,2024,9
1029,2024-10-28,CA,West,Self-Employed,95145,786,41.47,Purchase,FHA,30,557658,94.69,528046,5.9,Approved,Medium,1,Large,Middle,2024,10
1030,2025-05-07,FL,South,Part-Time,142411,676,41.59,Refinance,FHA,15,466637,91.2,425573,6.6,Approved,High,1,Large,High,2025,5
1031,2024-04-13,FL,South,Part-Time,39860,763,22.11,Refinance,Conventional,30,337588,81.32,274527,5.36,Approved,Low,1,Medium,Low,2024,4
1032,2024-12-03,FL,South,Self-Employed,249832,728,44.06,Refinance,FHA,15,506181,95.44,483099,6.52,Pending,Medium,0,Large,High,2024,12
1033,2025-01-02,GA,South,Full-Time,171779,593,29.03,Purchase,FHA,30,365542,91.73,335312,7.78,Pending,High,0,Large,High,2025,1
1034,2025-02-03,IL,Midwest,Full-Time,63927,717,40.83,Purchase,Conventional,30,396616,78.95,313128,6.23,Approved,Medium,1,Large,Middle,2025,2
1035,2024-01-24,NY,Northeast,Full-Time,147209,691,18.66,Refinance,VA,30,374821,90.25,338276,7.05,Approved,Medium,1,Large,High,2024,1
1036,2024-03-05,WA,West,Part-Time,113077,727,42.63,Purchase,VA,30,655329,82.64,541564,6.22,Approved,Medium,1,Large,High,2024,3
1037,2024-11-14,PA,Northeast,Full-Time,59096,663,41.78,Refinance,FHA,30,320651,94.18,301989,6.97,Approved,High,1,Large,Middle,2024,11
1038,2025-03-14,NY,Northeast,Full-Time,42988,708,40.97,Purchase,Conventional,30,498725,76.22,380128,6,Approved,Medium,1,Large,Low,2025,3
1039,2025-06-25,OH,Midwest,Part-Time,38077,778,40.12,Purchase,FHA,30,351768,91.6,322219,6.08,Pending,Medium,0,Large,Low,2025,6
1040,2025-05-05,CA,West,Full-Time,90476,718,41.58,Refinance,FHA,15,554166,91.1,504845,6.22,Approved,High,1,Large,Middle,2025,5
1041,2024-04-09,AZ,West,Full-Time,77613,782,38.39,Purchase,Conventional,30,352131,83.27,293219,5.63,Approved,Medium,1,Medium,Middle,2024,4
1042,2025-06-22,IL,Midwest,Self-Employed,98606,698,39.5,Refinance,FHA,15,328563,94.39,310131,6.68,Approved,High,1,Large,Middle,2025,6
1043,2024-04-14,PA,Northeast,Self-Employed,112607,723,45.54,Refinance,Conventional,30,318757,83.43,265939,6.41,Pending,Medium,0,Medium,High,2024,4
1044,2025-06-04,GA,South,Full-Time,186553,730,21.5,Refinance,FHA,30,336903,94.85,319552,6.72,Approved,Medium,1,Large,High,2025,6
1045,2025-02-09,FL,South,Full-Time,212385,600,29.1,Purchase,VA,30,399945,96.56,386187,8.04,Pending,High,0,Large,High,2025,2
1046,2025-05-02,PA,Northeast,Self-Employed,109619,631,22.49,Refinance,VA,30,232469,87.22,202759,7.34,Approved,Medium,1,Medium,High,2025,5
1047,2024-05-08,TX,South,Part-Time,110180,593,37.71,Purchase,Conventional,30,520224,76.41,397503,7.81,Pending,Medium,0,Large,High,2024,5
1048,2024-03-06,IL,Midwest,Full-Time,60871,691,18.73,Purchase,Conventional,30,263498,81.85,215673,6.63,Approved,Medium,1,Medium,Middle,2024,3
1049,2024-07-13,CA,West,Full-Time,206805,799,42.7,Refinance,Conventional,30,606827,86.93,527515,5.64,Approved,Medium,1,Large,High,2024,7
1050,2024-12-06,FL,South,Full-Time,73935,605,29.23,Purchase,Conventional,30,354538,74.4,263776,7.66,Approved,Medium,1,Medium,Middle,2024,12
1051,2024-08-19,AZ,West,Self-Employed,76205,635,40.35,Refinance,VA,30,543033,89.23,484548,7.24,Pending,High,0,Large,Middle,2024,8
1052,2025-04-02,WA,West,Part-Time,85230,605,54.82,Refinance,FHA,30,721867,93.66,676101,8.05,Denied,High,0,"Very Large",Middle,2025,4
1053,2024-08-26,IL,Midwest,Full-Time,99373,699,30.65,Purchase,VA,30,422851,88.26,373208,6.94,Approved,Medium,1,Large,Middle,2024,8
1054,2024-03-25,NY,Northeast,Full-Time,111496,708,47.79,Purchase,Conventional,15,509545,76.32,388885,5.81,Approved,Medium,1,Large,High,2024,3
1055,2024-10-01,NY,Northeast,Full-Time,44267,703,38.85,Refinance,Conventional,30,444847,71.17,316598,6.07,Approved,Medium,1,Large,Low,2024,10
1056,2024-06-14,FL,South,Full-Time,45062,609,29.66,Purchase,Conventional,30,618127,70.04,432936,7.93,Pending,Medium,0,Large,Low,2024,6
1057,2024-08-31,PA,Northeast,Full-Time,104135,685,50.77,Purchase,Conventional,30,300345,71.85,215798,6.56,Pending,Medium,0,Medium,High,2024,8
1058,2025-03-27,AZ,West,Part-Time,117880,653,22.99,Refinance,Conventional,30,308551,77.98,240608,7.25,Approved,Medium,1,Medium,High,2025,3
1059,2025-02-18,TX,South,Full-Time,58329,664,38.51,Purchase,Conventional,30,357117,87.64,312977,6.57,Approved,High,1,Large,Middle,2025,2
1060,2024-04-02,WA,West,Full-Time,78157,692,23.45,Purchase,Conventional,30,563970,74.68,421173,6.63,Approved,Low,1,Large,Middle,2024,4
1061,2025-04-23,OH,Midwest,Full-Time,88989,667,31.51,Refinance,Conventional,30,204187,70.07,143074,6.73,Approved,Medium,1,Medium,Middle,2025,4
1062,2024-12-21,FL,South,Full-Time,77690,641,32.17,Purchase,FHA,30,499557,92.42,461691,7.31,Pending,Medium,0,Large,Middle,2024,12
1063,2025-01-10,IL,Midwest,Part-Time,112036,660,38.39,Purchase,FHA,30,492406,93.89,462320,6.99,Approved,High,1,Large,High,2025,1
1064,2024-11-24,GA,South,Full-Time,95762,743,30.82,Refinance,Conventional,30,426802,81.07,346008,5.37,Approved,Low,1,Large,Middle,2024,11
1065,2025-06-27,CA,West,Full-Time,101852,684,38.56,Refinance,FHA,15,489353,91.51,447807,6.92,Approved,High,1,Large,High,2025,6
1066,2024-11-05,OH,Midwest,Part-Time,51678,649,32.37,Purchase,Conventional,30,292203,72.58,212081,7.14,Approved,Medium,1,Medium,Middle,2024,11
1067,2024-02-11,OH,Midwest,Full-Time,117460,668,46.44,Refinance,Conventional,30,312155,77.61,242263,6.72,Pending,Medium,0,Medium,High,2024,2
1068,2024-10-25,NY,Northeast,Full-Time,226618,712,30.49,Purchase,FHA,30,451689,94.07,424904,6.42,Approved,Medium,1,Large,High,2024,10
1069,2025-04-26,FL,South,Full-Time,74282,624,50.97,Refinance,Conventional,30,304451,82.25,250411,6.96,Pending,High,0,Medium,Middle,2025,4
1070,2024-02-12,NY,Northeast,Full-Time,115109,666,19.96,Refinance,VA,30,565977,85.69,484986,6.81,Approved,Medium,1,Large,High,2024,2
1071,2024-11-13,TX,South,Full-Time,197482,716,49.34,Purchase,Conventional,30,524847,69.3,363719,5.98,Approved,Medium,1,Large,High,2024,11
1072,2025-03-21,PA,Northeast,Full-Time,98310,713,30.47,Purchase,VA,30,354774,88.53,314081,6.53,Approved,Medium,1,Large,Middle,2025,3
1073,2025-06-10,WA,West,Self-Employed,129368,737,50.67,Purchase,VA,30,453168,94.94,430238,6.38,Pending,Medium,0,Large,High,2025,6
1074,2024-07-27,PA,Northeast,Full-Time,129455,679,39.28,Refinance,Conventional,30,316617,74.55,236038,6.59,Approved,Medium,1,Medium,High,2024,7
1075,2024-02-08,TX,South,Full-Time,96021,785,22.98,Refinance,FHA,30,335834,94.65,317867,5.69,Approved,Medium,1,Large,Middle,2024,2
1076,2024-12-09,NY,Northeast,Part-Time,62628,621,23.07,Purchase,Conventional,30,735614,87.07,640499,7.38,Pending,Medium,0,"Very Large",Middle,2024,12
1077,2024-08-31,CA,West,Full-Time,62328,664,22.51,Purchase,VA,30,566897,85.68,485717,6.57,Approved,Medium,1,Large,Middle,2024,8
1078,2024-09-29,IL,Midwest,Full-Time,38135,723,54.68,Purchase,Conventional,30,450658,69.27,312171,6.27,Pending,Medium,0,Large,Low,2024,9
1079,2024-10-13,CA,West,Full-Time,117964,675,31.34,Purchase,FHA,30,704540,90.25,635847,7.08,Approved,Medium,1,"Very Large",High,2024,10
1080,2024-02-26,IL,Midwest,Full-Time,78906,693,37.06,Purchase,FHA,15,430758,95.88,413011,6.69,Pending,Medium,0,Large,Middle,2024,2
1081,2024-06-16,NY,Northeast,Full-Time,83022,608,18.9,Refinance,Conventional,30,732189,84.02,615185,7.74,Denied,Medium,0,"Very Large",Middle,2024,6
1082,2024-05-05,CA,West,Full-Time,106726,799,38.86,Refinance,VA,15,781721,91.64,716369,5.91,Pending,Medium,0,"Very Large",High,2024,5
1083,2024-10-22,TX,South,Self-Employed,95802,665,35.06,Purchase,Conventional,30,419000,78.73,329879,6.86,Approved,Medium,1,Large,Middle,2024,10
1084,2024-10-14,NY,Northeast,Full-Time,67275,706,29.89,Purchase,Conventional,15,591735,82.45,487886,5.84,Approved,Medium,1,Large,Middle,2024,10
1085,2024-10-07,TX,South,Full-Time,57139,761,27.28,Purchase,Conventional,15,547220,83,454193,5.71,Approved,Low,1,Large,Middle,2024,10
1086,2025-02-06,FL,South,Self-Employed,83165,754,33.69,Purchase,Conventional,30,631049,71.37,450380,5.81,Approved,Low,1,Large,Middle,2025,2
1087,2024-11-03,CA,West,Full-Time,49681,726,52.96,Refinance,Conventional,30,454040,85.17,386706,6.12,Denied,Medium,0,Large,Low,2024,11
1088,2025-03-22,TX,South,Full-Time,63577,595,53.72,Purchase,VA,30,324665,95.13,308854,7.93,Denied,High,0,Large,Middle,2025,3
1089,2024-03-06,TX,South,Full-Time,64638,707,27.63,Purchase,Conventional,30,521685,68.13,355424,6.34,Approved,Low,1,Large,Middle,2024,3
1090,2024-09-05,WA,West,Full-Time,247937,733,30.27,Purchase,Conventional,30,788414,87.56,690335,6.36,Approved,Low,1,"Very Large",High,2024,9
1091,2024-08-05,OH,Midwest,Full-Time,114722,661,30.21,Refinance,FHA,30,285494,95.51,272675,6.95,Approved,Medium,1,Medium,High,2024,8
1092,2025-05-23,IL,Midwest,Part-Time,84532,791,20.26,Purchase,FHA,15,473259,91.33,432227,5.81,Approved,Medium,1,Large,Middle,2025,5
1093,2024-01-24,TX,South,Full-Time,174558,618,42.67,Purchase,Conventional,15,313136,79.36,248505,7.57,Pending,Medium,0,Medium,High,2024,1
1094,2024-12-20,CA,West,Full-Time,55213,733,46.21,Purchase,Conventional,30,804417,71.74,577089,5.96,Pending,Medium,0,Large,Middle,2024,12
1095,2024-11-15,AZ,West,Full-Time,48691,726,53.77,Purchase,Conventional,30,545136,87.76,478411,6.53,Denied,Medium,0,Large,Low,2024,11
1096,2025-02-01,TX,South,Self-Employed,41032,783,20.07,Refinance,FHA,15,463180,96.44,446691,5.87,Pending,Medium,0,Large,Low,2025,2
1097,2024-04-13,TX,South,Full-Time,83423,719,32.65,Refinance,Conventional,30,398978,75.78,302346,6.23,Approved,Low,1,Large,Middle,2024,4
1098,2024-03-02,FL,South,Full-Time,40367,662,35.3,Refinance,FHA,30,298434,90.83,271068,6.84,Pending,Medium,0,Medium,Low,2024,3
1099,2024-12-09,AZ,West,Full-Time,44239,753,49.04,Purchase,Conventional,15,517819,80.36,416119,5.25,Pending,Medium,0,Large,Low,2024,12
1100,2024-12-12,FL,South,Self-Employed,42404,763,39.23,Refinance,VA,15,299557,83.74,250849,5.58,Approved,Medium,1,Medium,Low,2024,12
1101,2024-07-01,OH,Midwest,Full-Time,61001,675,33.95,Refinance,FHA,30,264805,94.47,250161,7.15,Approved,Medium,1,Medium,Middle,2024,7
1102,2024-12-22,OH,Midwest,Full-Time,98371,663,40.87,Refinance,Conventional,30,256362,87.14,223394,7,Approved,High,1,Medium,Middle,2024,12
1103,2024-03-11,FL,South,Full-Time,54181,683,40.78,Refinance,Conventional,30,333056,87.29,290725,6.88,Approved,Medium,1,Medium,Middle,2024,3
1104,2025-03-18,CA,West,Full-Time,99760,755,20.14,Purchase,Conventional,30,949028,78.95,749258,5.35,Approved,Low,1,"Very Large",Middle,2025,3
1105,2024-05-01,TX,South,Full-Time,81412,684,31.25,Purchase,VA,15,314836,94.2,296576,6.81,Approved,Medium,1,Medium,Middle,2024,5
1106,2024-03-07,IL,Midwest,Part-Time,56056,705,33.74,Refinance,Conventional,30,359059,69.09,248074,6.02,Approved,Low,1,Medium,Middle,2024,3
1107,2024-06-19,CA,West,Full-Time,145819,625,50.61,Purchase,FHA,15,703794,92.03,647702,7.09,Denied,High,0,"Very Large",High,2024,6
1108,2025-03-06,AZ,West,Part-Time,51893,672,31.47,Purchase,FHA,30,500151,94.84,474343,7.02,Pending,Medium,0,Large,Middle,2025,3
1109,2024-10-05,AZ,West,Full-Time,103066,775,29.21,Purchase,FHA,30,536261,93.4,500868,5.8,Approved,Medium,1,Large,High,2024,10
1110,2025-01-15,OH,Midwest,Full-Time,196774,684,21.15,Purchase,Conventional,30,324715,74.83,242984,6.87,Approved,Low,1,Medium,High,2025,1
1111,2025-03-13,PA,Northeast,Full-Time,48894,608,18.93,Purchase,Conventional,15,295641,81.17,239972,7.27,Pending,Medium,0,Medium,Low,2025,3
1112,2024-06-04,OH,Midwest,Full-Time,164355,672,39.27,Refinance,Conventional,30,202477,73.84,149509,6.54,Approved,Medium,1,Medium,High,2024,6
1113,2025-01-19,FL,South,Self-Employed,127376,594,41.85,Purchase,FHA,30,616478,96.05,592127,8.16,Denied,High,0,Large,High,2025,1
1114,2024-11-23,WA,West,Full-Time,60419,671,35.44,Purchase,Conventional,30,645745,80.49,519760,6.55,Pending,Medium,0,Large,Middle,2024,11
1115,2024-03-11,CA,West,Full-Time,59912,726,21.43,Purchase,Conventional,30,612143,71.8,439519,6.32,Approved,Low,1,Large,Middle,2024,3
1116,2025-04-05,AZ,West,Self-Employed,107224,682,31.57,Refinance,Conventional,30,496192,81.52,404496,6.53,Approved,Medium,1,Large,High,2025,4
1117,2025-04-12,CA,West,Full-Time,42102,649,26.09,Refinance,Conventional,30,457952,80.04,366545,7.14,Pending,Medium,0,Large,Low,2025,4
1118,2024-05-13,TX,South,Full-Time,80550,731,18.36,Purchase,FHA,15,376354,94.58,355956,6.15,Approved,Medium,1,Large,Middle,2024,5
1119,2025-01-25,IL,Midwest,Full-Time,69894,732,50.19,Refinance,Conventional,30,365090,81.8,298644,6.34,Pending,Medium,0,Medium,Middle,2025,1
1120,2024-12-01,PA,Northeast,Self-Employed,81763,695,29.88,Purchase,Conventional,30,457775,68.19,312157,6.78,Approved,Low,1,Large,Middle,2024,12
1121,2025-04-11,NY,Northeast,Part-Time,176145,725,40.95,Refinance,FHA,30,540081,95.11,513671,6.47,Approved,Medium,1,Large,High,2025,4
1122,2024-10-28,OH,Midwest,Part-Time,100225,644,41.51,Purchase,FHA,30,228544,96.06,219539,7.67,Pending,High,0,Medium,High,2024,10
1123,2024-04-09,IL,Midwest,Self-Employed,71357,696,24.17,Refinance,FHA,30,333928,90.03,300635,6.82,Approved,Medium,1,Large,Middle,2024,4
1124,2024-03-06,AZ,West,Part-Time,51403,702,40.66,Refinance,Conventional,15,442904,71.25,315569,5.8,Approved,Medium,1,Large,Middle,2024,3
1125,2024-07-27,GA,South,Full-Time,117155,580,31.27,Refinance,FHA,30,394008,92.11,362921,7.84,Pending,High,0,Large,High,2024,7
1126,2024-03-12,NY,Northeast,Full-Time,92849,754,30.24,Purchase,VA,30,714858,96.61,690624,5.77,Pending,Medium,0,"Very Large",Middle,2024,3
1127,2024-11-21,CA,West,Full-Time,47852,623,37.47,Purchase,FHA,15,697039,92.44,644343,7.09,Denied,High,0,"Very Large",Low,2024,11
1128,2024-10-26,FL,South,Full-Time,62927,697,41.43,Refinance,Conventional,30,465491,76.72,357125,6.45,Approved,Medium,1,Large,Middle,2024,10
1129,2025-02-06,AZ,West,Full-Time,108047,693,35.24,Purchase,FHA,30,597465,90.71,541961,6.89,Approved,Medium,1,Large,High,2025,2
1130,2024-09-24,CA,West,Full-Time,86245,654,37.88,Refinance,Conventional,30,844636,72.07,608729,7.11,Pending,Medium,0,"Very Large",Middle,2024,9
1131,2024-03-29,WA,West,Self-Employed,242243,671,20.33,Refinance,FHA,30,427777,91.75,392485,7.15,Approved,Medium,1,Large,High,2024,3
1132,2024-07-15,FL,South,Full-Time,133210,658,34.25,Purchase,Conventional,15,318063,73.92,235112,7.1,Approved,Medium,1,Medium,High,2024,7
1133,2024-08-20,FL,South,Full-Time,176425,687,42.28,Purchase,Conventional,30,582158,72.12,419852,6.65,Approved,Medium,1,Large,High,2024,8
1134,2025-04-16,IL,Midwest,Full-Time,87866,603,40.55,Refinance,Conventional,15,480071,71.24,342003,7.25,Pending,Medium,0,Large,Middle,2025,4
1135,2025-02-01,OH,Midwest,Full-Time,53678,674,30.84,Purchase,VA,30,399079,87.06,347438,6.95,Approved,Medium,1,Large,Middle,2025,2
1136,2024-04-16,TX,South,Self-Employed,56787,773,37.3,Refinance,VA,30,471126,83.11,391553,5.86,Approved,Low,1,Large,Middle,2024,4
1137,2025-05-07,CA,West,Self-Employed,113155,708,38.54,Refinance,FHA,30,619572,94.57,585929,6.48,Approved,High,1,Large,High,2025,5
1138,2024-10-09,FL,South,Full-Time,84184,784,20.54,Purchase,Conventional,15,553136,79,436977,5.59,Approved,Low,1,Large,Middle,2024,10
1139,2024-06-18,NY,Northeast,Full-Time,61526,660,37.08,Refinance,VA,30,790892,90.72,717497,6.85,Pending,High,0,"Very Large",Middle,2024,6
1140,2024-01-30,TX,South,Full-Time,56381,735,39.47,Refinance,Conventional,15,324927,86.95,282524,5.99,Approved,Medium,1,Medium,Middle,2024,1
1141,2024-04-16,IL,Midwest,Full-Time,128968,716,41.4,Refinance,FHA,30,344413,94.79,326469,6.69,Approved,High,1,Large,High,2024,4
1142,2025-02-13,TX,South,Full-Time,69933,694,29.08,Refinance,FHA,30,256212,95.63,245016,7.19,Approved,Medium,1,Medium,Middle,2025,2
1143,2024-10-23,CA,West,Self-Employed,104907,633,52.48,Purchase,FHA,30,851771,93.6,797258,7.67,Denied,High,0,"Very Large",High,2024,10
1144,2024-12-10,GA,South,Self-Employed,41843,771,38.33,Refinance,FHA,30,249897,94.91,237177,5.92,Approved,Medium,1,Medium,Low,2024,12
1145,2024-07-05,IL,Midwest,Full-Time,84014,738,35.88,Purchase,FHA,30,425365,95.96,408180,6.54,Approved,Medium,1,Large,Middle,2024,7
1146,2024-04-07,CA,West,Full-Time,100410,672,18.46,Purchase,Conventional,30,532839,68.46,364782,6.84,Approved,Medium,1,Large,High,2024,4
1147,2024-05-13,TX,South,Full-Time,82190,704,54.35,Refinance,Conventional,30,501340,81.96,410898,6.3,Pending,Medium,0,Large,Middle,2024,5
1148,2024-04-25,NY,Northeast,Part-Time,83400,792,32.14,Purchase,Conventional,30,602718,81.93,493807,5.79,Approved,Low,1,Large,Middle,2024,4
1149,2025-01-28,CA,West,Self-Employed,61085,692,42.78,Refinance,Conventional,30,572637,72.89,417395,6.49,Pending,Medium,0,Large,Middle,2025,1
1150,2025-05-30,TX,South,Part-Time,85284,667,39.73,Purchase,Conventional,15,337448,70.62,238306,6.69,Approved,Medium,1,Medium,Middle,2025,5
1151,2024-10-18,GA,South,Self-Employed,67485,588,40.26,Purchase,FHA,30,346493,90.13,312294,7.68,Denied,High,0,Large,Middle,2024,10
1152,2024-08-12,CA,West,Full-Time,113279,635,30.05,Purchase,Conventional,30,722645,80.26,579995,7.09,Approved,Medium,1,Large,High,2024,8
1153,2024-05-16,TX,South,Part-Time,54704,737,37.83,Purchase,Conventional,30,290261,69.05,200425,6.22,Approved,Low,1,Medium,Middle,2024,5
1154,2024-06-18,AZ,West,Full-Time,78690,726,42.5,Purchase,Conventional,30,488241,85.18,415884,6.26,Approved,Medium,1,Large,Middle,2024,6
1155,2024-06-11,PA,Northeast,Self-Employed,39751,672,45.7,Purchase,VA,15,421513,93.11,392471,6.92,Denied,High,0,Large,Low,2024,6
1156,2024-04-11,AZ,West,Full-Time,229488,639,37.88,Purchase,VA,30,410857,86.68,356131,7.32,Approved,High,1,Large,High,2024,4
1157,2024-11-15,FL,South,Full-Time,110958,616,37.3,Refinance,FHA,30,467687,90.54,423444,8.02,Pending,High,0,Large,High,2024,11
1158,2025-06-15,CA,West,Full-Time,84673,634,42.05,Purchase,FHA,15,709632,91.38,648462,7.46,Denied,High,0,"Very Large",Middle,2025,6
1159,2025-02-14,CA,West,Full-Time,60121,762,27.89,Refinance,VA,30,514116,91.1,468360,5.65,Approved,Medium,1,Large,Middle,2025,2
1160,2025-05-31,WA,West,Full-Time,117230,665,27.58,Refinance,Conventional,15,591864,83.1,491839,6.45,Approved,Medium,1,Large,High,2025,5
1161,2025-02-16,TX,South,Full-Time,67627,600,35.42,Purchase,Conventional,15,390380,75.98,296611,7.52,Pending,Medium,0,Medium,Middle,2025,2
1162,2024-11-10,CA,West,Full-Time,58380,656,34.6,Purchase,Conventional,15,732130,75.99,556346,6.87,Pending,Medium,0,Large,Middle,2024,11
1163,2024-01-15,PA,Northeast,Part-Time,105014,728,26.42,Refinance,Conventional,30,493806,80.53,397662,6.36,Approved,Low,1,Large,High,2024,1
1164,2024-02-17,GA,South,Full-Time,54224,603,18.7,Purchase,VA,15,314206,83.55,262519,7.75,Pending,Medium,0,Medium,Middle,2024,2
1165,2024-10-08,NY,Northeast,Full-Time,98395,704,51.48,Refinance,VA,30,681543,83.61,569838,6.46,Pending,Medium,0,Large,Middle,2024,10
1166,2024-08-12,FL,South,Full-Time,51039,608,32,Purchase,FHA,30,540373,91.05,492010,8.05,Denied,High,0,Large,Middle,2024,8
1167,2025-01-26,CA,West,Part-Time,81330,705,38.55,Refinance,Conventional,30,603074,81.39,490842,6.04,Approved,Medium,1,Large,Middle,2025,1
1168,2024-11-09,AZ,West,Full-Time,159625,590,49.65,Refinance,VA,30,409900,86.21,353375,7.51,Denied,High,0,Large,High,2024,11
1169,2024-11-13,PA,Northeast,Full-Time,104043,684,37.12,Purchase,Conventional,30,321551,81.47,261968,6.93,Approved,Medium,1,Medium,High,2024,11
1170,2024-01-29,OH,Midwest,Part-Time,83688,649,22.74,Refinance,VA,15,183999,88.43,162710,7.29,Approved,Medium,1,Medium,Middle,2024,1
1171,2024-04-02,IL,Midwest,Full-Time,48436,675,31.11,Purchase,FHA,30,276013,90.29,249212,6.7,Approved,Medium,1,Medium,Low,2024,4
1172,2024-08-22,AZ,West,Full-Time,92152,590,31.72,Purchase,FHA,30,311017,96.03,298670,8,Denied,High,0,Medium,Middle,2024,8
1173,2024-08-25,TX,South,Full-Time,53263,734,41.65,Purchase,FHA,30,446943,93.01,415702,6.54,Pending,Medium,0,Large,Middle,2024,8
1174,2025-04-06,CA,West,Full-Time,83541,666,41.18,Purchase,VA,30,473576,92.21,436684,6.71,Approved,High,1,Large,Middle,2025,4
1175,2024-08-15,NY,Northeast,Self-Employed,78460,636,37.56,Refinance,VA,30,646359,83.62,540485,7.38,Pending,Medium,0,Large,Middle,2024,8
1176,2024-06-22,TX,South,Full-Time,59851,726,39.47,Purchase,Conventional,30,450430,79.01,355885,6.39,Approved,Low,1,Large,Middle,2024,6
1177,2024-03-02,FL,South,Full-Time,84890,798,29.88,Purchase,VA,30,415534,86.28,358523,5.68,Approved,Low,1,Large,Middle,2024,3
1178,2024-02-07,TX,South,Full-Time,83543,785,48.5,Purchase,Conventional,30,411190,78.51,322825,5.83,Approved,Medium,1,Large,Middle,2024,2
1179,2024-05-24,IL,Midwest,Full-Time,114261,677,35.52,Purchase,FHA,15,273089,90.9,248238,6.56,Approved,Medium,1,Medium,High,2024,5
1180,2024-10-03,FL,South,Full-Time,172041,665,30.41,Purchase,Conventional,30,317448,78.07,247832,6.48,Approved,Medium,1,Medium,High,2024,10
1181,2024-06-29,WA,West,Full-Time,239286,670,51.84,Purchase,FHA,30,575870,90.38,520471,6.99,Pending,High,0,Large,High,2024,6
1182,2025-04-01,CA,West,Full-Time,82870,657,52.99,Purchase,VA,30,534161,95.59,510604,7.43,Denied,High,0,Large,Middle,2025,4
1183,2025-04-04,FL,South,Part-Time,84060,723,21.05,Purchase,Conventional,15,422958,74.68,315865,5.82,Approved,Low,1,Large,Middle,2025,4
1184,2024-02-14,FL,South,Full-Time,110747,720,40.12,Refinance,Conventional,30,636756,86.16,548629,6.09,Approved,Medium,1,Large,High,2024,2
1185,2025-01-22,PA,Northeast,Full-Time,73583,767,26.28,Purchase,VA,30,425251,88.92,378133,5.69,Approved,Low,1,Large,Middle,2025,1
1186,2024-03-06,IL,Midwest,Full-Time,84956,651,27.06,Purchase,Conventional,30,384479,81.78,314427,7.08,Approved,Medium,1,Large,Middle,2024,3
1187,2024-01-17,IL,Midwest,Full-Time,45449,776,39.09,Purchase,Conventional,30,310660,87.28,271144,5.85,Approved,Medium,1,Medium,Low,2024,1
1188,2025-05-25,WA,West,Full-Time,84599,657,35.35,Purchase,Conventional,30,456469,71.78,327653,6.94,Approved,Medium,1,Large,Middle,2025,5
1189,2025-05-18,CA,West,Full-Time,102037,717,33.29,Purchase,Conventional,30,693241,81.57,565477,5.99,Approved,Medium,1,Large,High,2025,5
1190,2024-07-16,TX,South,Self-Employed,114230,778,33.6,Purchase,Conventional,30,410955,86.22,354325,5.86,Approved,Low,1,Large,High,2024,7
1191,2024-07-02,WA,West,Self-Employed,247979,773,29.09,Refinance,FHA,30,432796,93.22,403452,5.64,Approved,Medium,1,Large,High,2024,7
1192,2024-09-09,CA,West,Full-Time,125841,585,34.91,Purchase,Conventional,30,791611,74.03,586030,7.89,Pending,Medium,0,Large,High,2024,9
1193,2025-04-10,AZ,West,Full-Time,108744,643,41.07,Refinance,FHA,15,308529,94.17,290542,7.43,Pending,High,0,Medium,High,2025,4
1194,2025-03-24,TX,South,Full-Time,88924,597,30.05,Purchase,FHA,30,359657,93.63,336747,8,Pending,High,0,Large,Middle,2025,3
1195,2024-03-07,CA,West,Self-Employed,118591,734,51.43,Purchase,Conventional,15,602992,82.61,498132,6.07,Pending,Medium,0,Large,High,2024,3
1196,2024-08-25,TX,South,Part-Time,41193,632,32.03,Purchase,Conventional,30,350234,86.91,304388,7.05,Pending,Medium,0,Large,Low,2024,8
1197,2025-03-24,OH,Midwest,Full-Time,61296,688,37.63,Purchase,FHA,30,279499,92.3,257978,7.05,Approved,Medium,1,Medium,Middle,2025,3
1198,2024-10-28,PA,Northeast,Full-Time,115228,731,45.37,Refinance,Conventional,30,268439,74.57,200175,6.09,Approved,Medium,1,Medium,High,2024,10
1199,2025-03-13,AZ,West,Full-Time,236854,670,30.2,Purchase,Conventional,30,413150,76.43,315771,6.47,Approved,Medium,1,Large,High,2025,3
1200,2024-08-10,TX,South,Full-Time,109701,608,37.95,Refinance,Conventional,15,394976,81.22,320800,7.7,Pending,Medium,0,Large,High,2024,8
1201,2024-05-29,CA,West,Self-Employed,58951,701,32.44,Refinance,FHA,30,587781,90.23,530355,6.55,Pending,Medium,0,Large,Middle,2024,5
1202,2025-04-06,TX,South,Full-Time,73694,658,32.3,Refinance,FHA,15,440873,96.17,423988,7.37,Pending,Medium,0,Large,Middle,2025,4
1203,2025-04-16,AZ,West,Full-Time,86739,580,41.5,Purchase,Conventional,30,316055,70.02,221302,7.6,Pending,Medium,0,Medium,Middle,2025,4
1204,2025-05-26,FL,South,Full-Time,67792,691,40.18,Refinance,FHA,15,308563,93.6,288815,6.73,Approved,High,1,Medium,Middle,2025,5
1205,2025-03-29,TX,South,Full-Time,134140,694,31.48,Refinance,VA,15,463842,92.4,428590,6.95,Approved,Medium,1,Large,High,2025,3
1206,2025-05-01,AZ,West,Full-Time,52381,698,48.83,Purchase,Conventional,30,590074,76.89,453708,6.62,Denied,Medium,0,Large,Middle,2025,5
1207,2025-01-26,CA,West,Self-Employed,137545,629,42.58,Purchase,Conventional,30,663773,77.39,513694,7.32,Approved,Medium,1,Large,High,2025,1
1208,2024-04-09,CA,West,Self-Employed,190944,633,33.44,Purchase,Conventional,30,456763,81.98,374454,7.28,Approved,Medium,1,Large,High,2024,4
1209,2025-04-02,CA,West,Full-Time,109027,662,34.89,Refinance,Conventional,15,838811,84.5,708795,6.73,Pending,Medium,0,"Very Large",High,2025,4
1210,2024-12-05,AZ,West,Self-Employed,149769,718,23.53,Purchase,Conventional,30,368527,68.56,252662,6.04,Approved,Low,1,Medium,High,2024,12
1211,2024-05-08,FL,South,Full-Time,178313,705,37.91,Purchase,Conventional,30,318073,81.95,260661,6.24,Approved,Medium,1,Medium,High,2024,5
1212,2025-03-03,NY,Northeast,Part-Time,70087,625,51.43,Refinance,FHA,30,831721,96.37,801530,7.72,Denied,High,0,"Very Large",Middle,2025,3
1213,2024-10-20,GA,South,Full-Time,46377,589,51.83,Purchase,VA,15,249283,83.69,208625,7.32,Denied,High,0,Medium,Low,2024,10
1214,2025-06-22,GA,South,Self-Employed,76367,670,33.43,Purchase,Conventional,30,333456,86.42,288173,6.64,Approved,Medium,1,Medium,Middle,2025,6
1215,2024-08-14,WA,West,Self-Employed,90092,728,35.13,Purchase,Conventional,30,716883,81.4,583543,6.37,Approved,Low,1,Large,Middle,2024,8
1216,2024-08-30,OH,Midwest,Full-Time,152892,685,39.54,Purchase,Conventional,30,182740,70.17,128229,6.58,Approved,Medium,1,Medium,High,2024,8
1217,2024-01-27,OH,Midwest,Full-Time,53234,735,35.87,Purchase,Conventional,30,304546,73.35,223384,5.96,Approved,Low,1,Medium,Middle,2024,1
1218,2024-12-23,OH,Midwest,Self-Employed,45374,621,31.16,Refinance,Conventional,30,292202,82.27,240395,7.21,Approved,Medium,1,Medium,Low,2024,12
1219,2025-06-29,IL,Midwest,Full-Time,55375,728,52.21,Purchase,FHA,30,423101,95.18,402708,6.34,Denied,Medium,0,Large,Middle,2025,6
1220,2024-09-08,TX,South,Self-Employed,48069,687,24.36,Purchase,FHA,30,307208,91.26,280358,7.18,Approved,Medium,1,Medium,Low,2024,9
1221,2024-07-08,FL,South,Full-Time,88434,690,35.02,Refinance,FHA,30,428560,93.42,400361,7.21,Approved,Medium,1,Large,Middle,2024,7
1222,2024-10-22,AZ,West,Full-Time,139427,634,31.6,Refinance,Conventional,15,523656,85.83,449454,6.89,Approved,Medium,1,Large,High,2024,10
1223,2024-11-27,CA,West,Part-Time,84617,687,20.9,Purchase,Conventional,30,814166,82.83,674374,6.79,Approved,Medium,1,"Very Large",Middle,2024,11
1224,2024-12-13,FL,South,Part-Time,74466,707,20.13,Purchase,FHA,30,374847,90.31,338524,6.25,Approved,Medium,1,Large,Middle,2024,12
1225,2025-04-28,CA,West,Self-Employed,61989,688,37.75,Refinance,VA,15,840727,83.09,698560,6.56,Pending,Medium,0,"Very Large",Middle,2025,4
1226,2024-12-10,IL,Midwest,Part-Time,134254,681,32.88,Refinance,FHA,30,482100,96.22,463877,7.14,Approved,Medium,1,Large,High,2024,12
1227,2025-05-05,PA,Northeast,Full-Time,71930,701,41.51,Purchase,Conventional,30,316658,82.48,261180,6.35,Approved,Medium,1,Medium,Middle,2025,5
1228,2024-09-14,CA,West,Full-Time,91416,634,45.39,Refinance,VA,30,503550,84.68,426406,7.25,Denied,High,0,Large,Middle,2024,9
1229,2025-03-20,CA,West,Full-Time,90618,737,39.67,Refinance,VA,30,726768,94.58,687377,6.34,Pending,Medium,0,"Very Large",Middle,2025,3
1230,2024-01-25,PA,Northeast,Self-Employed,211871,785,38.32,Refinance,VA,15,452016,94.23,425935,5.39,Approved,Medium,1,Large,High,2024,1
1231,2024-09-03,WA,West,Full-Time,84418,724,23.19,Refinance,FHA,30,760568,94.02,715086,6.47,Approved,Medium,1,"Very Large",Middle,2024,9
1232,2024-06-30,TX,South,Full-Time,57556,601,27.92,Refinance,VA,15,276809,82.19,227509,7.3,Pending,Medium,0,Medium,Middle,2024,6
1233,2024-09-03,AZ,West,Full-Time,155940,792,51.89,Refinance,Conventional,15,352308,71.12,250561,5.25,Approved,Medium,1,Medium,High,2024,9
1234,2024-01-04,WA,West,Full-Time,119536,669,37.06,Purchase,Conventional,30,665474,69.56,462904,6.56,Approved,Medium,1,Large,High,2024,1
1235,2025-03-15,PA,Northeast,Full-Time,233972,710,23.06,Purchase,Conventional,30,460420,68.01,313132,6.26,Approved,Low,1,Large,High,2025,3
1236,2024-11-21,FL,South,Full-Time,78231,636,39.73,Purchase,FHA,15,376683,94.18,354760,7.36,Pending,High,0,Large,Middle,2024,11
1237,2024-06-29,PA,Northeast,Full-Time,224667,642,45.9,Refinance,FHA,30,250766,94.88,237927,7.52,Denied,High,0,Medium,High,2024,6
1238,2024-03-20,GA,South,Full-Time,58484,663,26.15,Purchase,VA,30,355032,94.92,336996,7.15,Approved,Medium,1,Large,Middle,2024,3
1239,2025-04-26,TX,South,Full-Time,114751,631,44.93,Refinance,VA,30,505034,86.93,439026,7.29,Pending,High,0,Large,High,2025,4
1240,2024-01-02,CA,West,Full-Time,106287,617,20.59,Purchase,Conventional,15,515268,71.26,367180,7.43,Approved,Medium,1,Large,High,2024,1
1241,2024-12-31,TX,South,Part-Time,116690,651,37.01,Purchase,Conventional,30,373490,86.14,321724,7.34,Approved,Medium,1,Large,High,2024,12
1242,2024-07-14,NY,Northeast,Full-Time,77863,703,35.74,Refinance,Conventional,30,609205,75.81,461838,6.02,Approved,Low,1,Large,Middle,2024,7
1243,2024-07-21,CA,West,Full-Time,41003,641,33.3,Refinance,Conventional,30,491891,69.16,340192,7.06,Pending,Medium,0,Large,Low,2024,7
1244,2025-02-07,IL,Midwest,Self-Employed,57448,683,35.45,Purchase,FHA,30,443812,93.06,413011,6.89,Pending,Medium,0,Large,Middle,2025,2
1245,2024-09-24,TX,South,Full-Time,130936,603,51,Purchase,Conventional,30,320641,83.92,269082,7.54,Denied,High,0,Medium,High,2024,9
1246,2024-04-20,CA,West,Self-Employed,66984,598,20.15,Purchase,Conventional,30,890082,85.41,760219,8.03,Denied,Medium,0,"Very Large",Middle,2024,4
1247,2024-02-09,TX,South,Full-Time,67366,653,42.89,Purchase,Conventional,30,457363,73.76,337351,7.2,Approved,Medium,1,Large,Middle,2024,2
1248,2024-07-14,WA,West,Full-Time,61910,760,41.27,Purchase,Conventional,30,762564,83.31,635292,5.62,Approved,Medium,1,"Very Large",Middle,2024,7
1249,2024-05-23,FL,South,Full-Time,62668,651,20.5,Purchase,Conventional,30,385152,80.25,309084,7.2,Approved,Medium,1,Large,Middle,2024,5
1250,2025-01-11,NY,Northeast,Full-Time,76146,671,40.74,Purchase,Conventional,30,770045,82.56,635749,6.64,Pending,Medium,0,"Very Large",Middle,2025,1
1251,2024-10-18,TX,South,Full-Time,77181,744,42.38,Purchase,FHA,30,532313,91.77,488504,6.06,Approved,Medium,1,Large,Middle,2024,10
1252,2025-04-21,IL,Midwest,Self-Employed,62433,663,42.05,Refinance,VA,30,391802,87.88,344316,6.66,Approved,High,1,Large,Middle,2025,4
1253,2024-04-06,FL,South,Full-Time,98978,780,18.54,Purchase,Conventional,30,426319,75.17,320464,5.47,Approved,Low,1,Large,Middle,2024,4
1254,2024-12-20,WA,West,Full-Time,59671,691,40.5,Purchase,Conventional,30,443804,85.95,381450,6.73,Approved,Medium,1,Large,Middle,2024,12
1255,2024-12-31,NY,Northeast,Full-Time,182304,670,49.41,Purchase,FHA,30,637446,94.75,603980,6.87,Pending,High,0,"Very Large",High,2024,12
1256,2025-04-10,IL,Midwest,Full-Time,228093,688,30.03,Purchase,Conventional,30,491169,75.04,368573,6.75,Approved,Low,1,Large,High,2025,4
1257,2024-06-04,TX,South,Full-Time,88113,688,38.46,Purchase,VA,30,523606,86.13,450982,6.87,Approved,Medium,1,Large,Middle,2024,6
1258,2024-07-28,GA,South,Part-Time,66206,734,41.14,Purchase,Conventional,15,269738,81.68,220322,5.78,Approved,Medium,1,Medium,Middle,2024,7
1259,2024-03-30,NY,Northeast,Full-Time,47978,684,41.06,Refinance,VA,30,775076,93.42,724076,6.77,Pending,High,0,"Very Large",Low,2024,3
1260,2025-03-25,WA,West,Self-Employed,104394,683,41.86,Purchase,VA,30,589156,91.59,539608,6.66,Approved,High,1,Large,High,2025,3
1261,2024-07-13,PA,Northeast,Full-Time,39938,656,35.46,Purchase,Conventional,30,432983,70.37,304690,6.92,Pending,Medium,0,Large,Low,2024,7
1262,2024-04-28,NY,Northeast,Full-Time,48060,790,24.12,Purchase,FHA,30,550605,95.49,525773,6.13,Pending,Medium,0,Large,Low,2024,4
1263,2025-04-08,IL,Midwest,Full-Time,44611,686,33.94,Purchase,Conventional,30,457793,82.59,378091,6.94,Pending,Medium,0,Large,Low,2025,4
1264,2024-09-21,AZ,West,Full-Time,188588,593,22.56,Refinance,Conventional,30,541691,81.77,442941,7.58,Pending,Medium,0,Large,High,2024,9
1265,2025-06-11,AZ,West,Self-Employed,55771,737,33.18,Refinance,Conventional,30,490211,86.69,424964,6.06,Approved,Low,1,Large,Middle,2025,6
1266,2024-01-02,OH,Midwest,Full-Time,103891,661,24.94,Purchase,VA,30,383992,86.94,333843,6.85,Approved,Medium,1,Large,High,2024,1
1267,2025-05-14,FL,South,Self-Employed,203964,752,42.76,Purchase,FHA,30,386610,94.71,366158,5.92,Approved,Medium,1,Large,High,2025,5
1268,2024-10-04,PA,Northeast,Part-Time,41629,643,37.4,Purchase,Conventional,15,458523,68.15,312483,7.16,Pending,Medium,0,Large,Low,2024,10
1269,2025-02-15,CA,West,Full-Time,85320,695,21.9,Purchase,FHA,30,792584,93.09,737816,7.11,Pending,Medium,0,"Very Large",Middle,2025,2
1270,2024-12-06,TX,South,Full-Time,217940,736,34.54,Purchase,FHA,30,362152,90.87,329088,6.34,Approved,Medium,1,Large,High,2024,12
1271,2024-01-03,NY,Northeast,Full-Time,107737,616,34.82,Refinance,Conventional,15,387814,79.41,307963,7.28,Pending,Medium,0,Large,High,2024,1
1272,2025-04-28,IL,Midwest,Self-Employed,50181,718,32.34,Refinance,VA,30,452577,84.31,381568,6.04,Approved,Medium,1,Large,Middle,2025,4
1273,2024-04-09,GA,South,Full-Time,57941,679,34.51,Purchase,Conventional,30,243504,75.45,183724,6.89,Approved,Medium,1,Medium,Middle,2024,4
1274,2024-09-18,FL,South,Full-Time,162882,747,37.06,Refinance,VA,15,334983,84.61,283429,5.29,Approved,Low,1,Medium,High,2024,9
1275,2025-04-26,GA,South,Full-Time,242183,727,41.85,Purchase,FHA,30,425685,93.26,396994,6.53,Approved,Medium,1,Large,High,2025,4
1276,2024-05-22,CA,West,Full-Time,40706,691,37.11,Refinance,FHA,30,606481,92.99,563967,6.8,Pending,Medium,0,Large,Low,2024,5
1277,2025-01-01,AZ,West,Full-Time,62702,630,50.69,Refinance,VA,30,365759,94.21,344582,7.22,Denied,High,0,Large,Middle,2025,1
1278,2024-02-02,IL,Midwest,Full-Time,49137,681,37.97,Purchase,Conventional,30,315923,87.11,275201,6.84,Approved,Medium,1,Medium,Low,2024,2
1279,2024-06-21,WA,West,Full-Time,40193,635,29.25,Purchase,VA,30,539876,93.59,505270,7.61,Pending,High,0,Large,Low,2024,6
1280,2025-04-10,NY,Northeast,Full-Time,79868,685,31.42,Purchase,Conventional,30,661553,79.46,525670,6.42,Approved,Low,1,Large,Middle,2025,4
1281,2024-07-04,GA,South,Part-Time,95998,656,35.78,Purchase,VA,30,349665,82.71,289208,7.38,Approved,Medium,1,Medium,Middle,2024,7
1282,2025-02-02,GA,South,Full-Time,73068,632,39.14,Refinance,VA,30,428372,88.06,377224,7.48,Pending,High,0,Large,Middle,2025,2
1283,2024-07-24,AZ,West,Full-Time,40180,633,38.79,Purchase,Conventional,30,471565,84.18,396963,7.3,Pending,High,0,Large,Low,2024,7
1284,2025-03-21,CA,West,Full-Time,83853,680,42.84,Purchase,FHA,30,887332,94.02,834270,7.22,Pending,High,0,"Very Large",Middle,2025,3
1285,2025-03-09,TX,South,Full-Time,104862,723,34,Purchase,Conventional,30,358905,78.78,282745,6.07,Approved,Low,1,Medium,High,2025,3
1286,2025-05-06,PA,Northeast,Full-Time,148179,701,49.04,Purchase,Conventional,30,328644,81.34,267319,6,Pending,Medium,0,Medium,High,2025,5
1287,2024-03-12,IL,Midwest,Full-Time,95505,709,37.67,Purchase,Conventional,30,330833,80.16,265196,6.39,Approved,Medium,1,Medium,Middle,2024,3
1288,2025-01-20,CA,West,Self-Employed,101475,665,49.21,Purchase,FHA,15,700702,94.85,664616,6.95,Denied,High,0,"Very Large",High,2025,1
1289,2024-01-11,TX,South,Full-Time,61782,714,40.04,Refinance,Conventional,30,257728,82.22,211904,6.38,Approved,Medium,1,Medium,Middle,2024,1
1290,2024-02-15,FL,South,Self-Employed,68663,732,31.12,Purchase,FHA,30,641213,92.02,590044,6.26,Pending,Medium,0,Large,Middle,2024,2
1291,2025-05-24,GA,South,Full-Time,134700,665,34.25,Refinance,Conventional,15,300299,85.11,255584,6.41,Approved,Medium,1,Medium,High,2025,5
1292,2024-09-02,IL,Midwest,Self-Employed,117463,688,33.37,Refinance,VA,30,375226,94.95,356277,6.86,Approved,Medium,1,Large,High,2024,9
1293,2025-05-10,OH,Midwest,Full-Time,68945,641,41.32,Purchase,Conventional,30,185417,86.38,160163,7.3,Approved,High,1,Medium,Middle,2025,5
1294,2025-06-05,FL,South,Part-Time,62748,733,37.73,Purchase,Conventional,30,418502,74.27,310821,5.93,Approved,Low,1,Large,Middle,2025,6
1295,2025-01-04,FL,South,Full-Time,60881,791,21.61,Refinance,Conventional,15,630216,79.46,500770,5.25,Approved,Low,1,Large,Middle,2025,1
1296,2025-01-01,OH,Midwest,Full-Time,66335,718,26.44,Purchase,Conventional,15,270088,77.81,210155,6.07,Approved,Low,1,Medium,Middle,2025,1
1297,2024-07-19,NY,Northeast,Full-Time,62469,645,40.82,Purchase,FHA,30,375892,91.45,343753,7.55,Pending,High,0,Large,Middle,2024,7
1298,2024-06-10,WA,West,Full-Time,41804,615,29.56,Refinance,VA,30,438556,82.52,361896,7.44,Denied,Medium,0,Large,Low,2024,6
1299,2024-05-02,AZ,West,Part-Time,160584,581,41.41,Refinance,FHA,30,432319,90.21,389995,7.94,Pending,High,0,Large,High,2024,5
1300,2025-06-06,TX,South,Full-Time,82429,718,37.84,Refinance,Conventional,30,318582,72.87,232151,6.23,Approved,Medium,1,Medium,Middle,2025,6
1301,2025-01-21,FL,South,Full-Time,111075,735,42.54,Purchase,Conventional,30,484122,77.68,376066,6.22,Approved,Low,1,Large,High,2025,1
1302,2024-06-19,NY,Northeast,Full-Time,58707,723,51.4,Purchase,Conventional,30,516563,78.15,403694,5.98,Pending,Medium,0,Large,Middle,2024,6
1303,2025-04-22,CA,West,Full-Time,105344,650,20.86,Refinance,VA,15,645949,83.52,539497,7.23,Approved,Medium,1,Large,High,2025,4
1304,2025-06-21,IL,Midwest,Self-Employed,48487,750,25.99,Purchase,FHA,30,367611,94.71,348164,6.18,Approved,Medium,1,Large,Low,2025,6
1305,2024-09-07,AZ,West,Full-Time,61406,661,31.4,Purchase,Conventional,30,382128,78.88,301423,6.77,Approved,Medium,1,Large,Middle,2024,9
1306,2025-06-08,OH,Midwest,Full-Time,61336,719,30.66,Purchase,Conventional,15,309449,69.92,216367,6.18,Approved,Low,1,Medium,Middle,2025,6
1307,2024-03-17,PA,Northeast,Full-Time,88213,620,37.65,Refinance,VA,30,413821,91.08,376908,7.53,Pending,High,0,Large,Middle,2024,3
1308,2025-04-20,TX,South,Full-Time,60044,743,37.67,Purchase,FHA,30,499349,94.06,469688,5.62,Pending,Medium,0,Large,Middle,2025,4
1309,2024-01-24,TX,South,Full-Time,64091,635,46.86,Refinance,Conventional,30,303420,74.71,226685,6.95,Pending,High,0,Medium,Middle,2024,1
1310,2025-03-25,TX,South,Part-Time,194674,657,35.96,Refinance,Conventional,30,343890,75.28,258880,7.26,Approved,Medium,1,Medium,High,2025,3
1311,2025-06-20,IL,Midwest,Full-Time,89526,739,38.33,Purchase,Conventional,30,351292,78.86,277029,5.93,Approved,Low,1,Medium,Middle,2025,6
1312,2025-01-10,TX,South,Self-Employed,84464,715,29.91,Refinance,FHA,30,347209,91.07,316203,6.52,Approved,Medium,1,Large,Middle,2025,1
1313,2024-08-06,TX,South,Self-Employed,71454,730,50.51,Refinance,Conventional,30,367060,82.47,302714,6.09,Pending,Medium,0,Large,Middle,2024,8
1314,2024-02-14,AZ,West,Full-Time,42669,673,54.31,Refinance,Conventional,30,398873,79.42,316785,6.87,Denied,Medium,0,Large,Low,2024,2
1315,2024-07-20,WA,West,Full-Time,56764,789,25.13,Refinance,VA,15,574271,95.33,547453,5.85,Pending,Medium,0,Large,Middle,2024,7
1316,2024-07-29,FL,South,Self-Employed,117241,761,19.06,Purchase,VA,30,357270,89.33,319149,6.04,Approved,Low,1,Large,High,2024,7
1317,2024-01-21,IL,Midwest,Part-Time,98014,704,39.36,Purchase,Conventional,30,487490,70.63,344314,6.02,Approved,Medium,1,Large,Middle,2024,1
1318,2024-10-30,WA,West,Self-Employed,49046,706,30.84,Purchase,FHA,30,503520,92.36,465051,6.43,Pending,Medium,0,Large,Low,2024,10
1319,2024-06-13,IL,Midwest,Full-Time,195412,661,24.83,Refinance,Conventional,30,487396,79.67,388308,6.51,Approved,Medium,1,Large,High,2024,6
1320,2024-04-29,TX,South,Full-Time,115656,687,42.17,Refinance,Conventional,30,337962,77.74,262732,6.74,Approved,Medium,1,Medium,High,2024,4
1321,2025-01-02,FL,South,Full-Time,100836,643,35.66,Purchase,FHA,15,442074,95.26,421120,7.26,Pending,Medium,0,Large,High,2025,1
1322,2025-04-11,GA,South,Self-Employed,61265,595,33.27,Refinance,Conventional,30,409300,78.62,321792,7.44,Pending,Medium,0,Large,Middle,2025,4
1323,2024-06-05,TX,South,Full-Time,212770,725,32.86,Refinance,VA,30,453606,85.1,386019,6.04,Approved,Low,1,Large,High,2024,6
1324,2024-04-17,FL,South,Full-Time,107181,716,30.72,Purchase,VA,30,464607,91.96,427253,6.38,Approved,Medium,1,Large,High,2024,4
1325,2024-08-04,OH,Midwest,Self-Employed,84086,672,39.01,Purchase,Conventional,30,232479,72.72,169059,6.71,Approved,Medium,1,Medium,Middle,2024,8
1326,2024-08-04,TX,South,Part-Time,46187,740,27.51,Refinance,VA,30,329973,84.2,277837,5.92,Approved,Low,1,Medium,Low,2024,8
1327,2024-12-04,IL,Midwest,Self-Employed,98519,795,39.32,Purchase,Conventional,30,437952,76.41,334639,5.73,Approved,Low,1,Large,Middle,2024,12
1328,2024-03-16,TX,South,Full-Time,125464,692,35.02,Purchase,FHA,15,494851,95.87,474414,6.88,Approved,Medium,1,Large,High,2024,3
1329,2025-03-01,CA,West,Full-Time,79612,709,51.35,Refinance,Conventional,30,626648,84.77,531210,6.27,Denied,Medium,0,Large,Middle,2025,3
1330,2025-04-08,NY,Northeast,Full-Time,125184,636,39.91,Purchase,FHA,30,490790,93.94,461048,7.66,Pending,High,0,Large,High,2025,4
1331,2024-01-11,TX,South,Full-Time,56421,633,29.34,Refinance,Conventional,30,523713,76.52,400745,6.96,Pending,Medium,0,Large,Middle,2024,1
1332,2024-03-15,AZ,West,Full-Time,91716,676,27.35,Purchase,Conventional,15,378438,86.7,328106,6.53,Approved,Medium,1,Large,Middle,2024,3
1333,2024-06-19,PA,Northeast,Part-Time,58542,645,35.11,Refinance,VA,15,482085,87.61,422355,7.14,Pending,Medium,0,Large,Middle,2024,6
1334,2024-03-25,AZ,West,Full-Time,68867,663,21.14,Purchase,VA,15,514197,85.5,439638,6.37,Approved,Medium,1,Large,Middle,2024,3
1335,2024-04-16,IL,Midwest,Full-Time,109480,667,51.41,Purchase,Conventional,30,412230,85.17,351096,6.77,Pending,High,0,Large,High,2024,4
1336,2025-01-08,TX,South,Full-Time,119642,664,20.2,Refinance,FHA,30,350562,90.8,318310,6.73,Approved,Medium,1,Large,High,2025,1
1337,2024-08-22,OH,Midwest,Full-Time,207117,656,38.81,Refinance,VA,30,215929,84.71,182913,7.26,Approved,Medium,1,Medium,High,2024,8
1338,2024-11-29,GA,South,Self-Employed,116350,724,33.57,Purchase,FHA,30,249850,90.42,225914,6.44,Approved,Medium,1,Medium,High,2024,11
1339,2024-05-18,FL,South,Self-Employed,53421,603,29.15,Refinance,FHA,30,410203,95.71,392605,7.89,Denied,High,0,Large,Middle,2024,5
1340,2025-05-31,FL,South,Full-Time,74721,768,18.77,Purchase,Conventional,15,612925,68.58,420344,5.42,Approved,Low,1,Large,Middle,2025,5
1341,2024-09-20,TX,South,Full-Time,85208,652,40.09,Refinance,Conventional,30,325315,70.27,228599,7.12,Approved,Medium,1,Medium,Middle,2024,9
1342,2024-06-08,WA,West,Self-Employed,64342,649,40.79,Refinance,VA,15,735849,86.07,633345,7.1,Pending,High,0,"Very Large",Middle,2024,6
1343,2024-06-09,TX,South,Self-Employed,112042,783,51.93,Refinance,VA,30,324366,93.43,303055,5.71,Pending,Medium,0,Large,High,2024,6
1344,2025-03-22,IL,Midwest,Self-Employed,67292,689,32.94,Refinance,FHA,30,495007,91.75,454169,7.07,Pending,Medium,0,Large,Middle,2025,3
1345,2025-03-26,TX,South,Full-Time,102900,615,45.64,Purchase,Conventional,30,372208,72.68,270521,7.54,Denied,High,0,Medium,High,2025,3
1346,2024-08-05,WA,West,Full-Time,119317,711,22.88,Purchase,FHA,30,705387,91.47,645217,6.4,Approved,Medium,1,"Very Large",High,2024,8
1347,2025-06-07,WA,West,Full-Time,85653,637,49.13,Purchase,FHA,30,663964,90.69,602149,7.46,Denied,High,0,"Very Large",Middle,2025,6
1348,2024-07-13,IL,Midwest,Full-Time,102628,719,41.93,Purchase,VA,30,469353,94.92,445510,6.63,Approved,High,1,Large,High,2024,7
1349,2024-09-29,NY,Northeast,Full-Time,56499,719,30.27,Refinance,FHA,15,507919,92.3,468809,6.07,Pending,Medium,0,Large,Middle,2024,9
1350,2024-01-04,AZ,West,Full-Time,111485,681,41.88,Purchase,Conventional,30,531046,68.62,364404,6.69,Approved,Medium,1,Large,High,2024,1
1351,2024-08-06,WA,West,Part-Time,49850,700,51.99,Purchase,Conventional,30,426625,86.49,368988,6.34,Denied,High,0,Large,Low,2024,8
1352,2024-02-22,OH,Midwest,Self-Employed,114930,720,32.69,Purchase,Conventional,30,389475,78.03,303907,6.07,Approved,Low,1,Large,High,2024,2
1353,2024-11-21,TX,South,Full-Time,103628,654,40.42,Purchase,Conventional,15,399853,83.39,333437,6.92,Approved,Medium,1,Large,High,2024,11
1354,2024-11-18,FL,South,Full-Time,73889,693,32.72,Purchase,Conventional,30,348242,87.87,306000,6.92,Approved,Medium,1,Large,Middle,2024,11
1355,2024-07-31,WA,West,Full-Time,79585,760,35.64,Purchase,VA,30,725175,83.8,607697,5.47,Approved,Low,1,"Very Large",Middle,2024,7
1356,2025-03-29,TX,South,Part-Time,119729,612,42.45,Refinance,Conventional,30,450001,87.2,392401,8.04,Pending,High,0,Large,High,2025,3
1357,2024-08-23,NY,Northeast,Full-Time,52823,761,23.87,Purchase,Conventional,30,653561,73.36,479452,5.88,Approved,Low,1,Large,Middle,2024,8
1358,2024-08-20,WA,West,Full-Time,44768,686,37.25,Purchase,Conventional,30,610600,70.84,432549,6.87,Pending,Medium,0,Large,Low,2024,8
1359,2024-01-03,AZ,West,Full-Time,75034,760,18.08,Purchase,FHA,30,306111,94.11,288081,5.76,Approved,Medium,1,Medium,Middle,2024,1
1360,2025-01-18,OH,Midwest,Self-Employed,105202,699,37.02,Refinance,Conventional,30,258157,82.29,212437,6.55,Approved,Medium,1,Medium,High,2025,1
1361,2025-01-26,TX,South,Self-Employed,108629,790,42.62,Purchase,FHA,15,349225,94.86,331275,5.75,Approved,Medium,1,Large,High,2025,1
1362,2024-11-30,IL,Midwest,Self-Employed,67771,626,34.73,Purchase,Conventional,30,344449,84.42,290784,7.21,Approved,Medium,1,Medium,Middle,2024,11
1363,2024-03-13,WA,West,Full-Time,89353,729,37.78,Refinance,FHA,30,672867,92.07,619509,6.39,Pending,Medium,0,"Very Large",Middle,2024,3
1364,2024-05-18,AZ,West,Self-Employed,71654,702,27.99,Purchase,Conventional,30,408177,81.85,334093,6.24,Approved,Medium,1,Large,Middle,2024,5
1365,2024-08-07,CA,West,Full-Time,103819,623,18.03,Purchase,Conventional,15,846151,87.99,744528,6.97,Pending,Medium,0,"Very Large",High,2024,8
1366,2024-11-08,NY,Northeast,Full-Time,51235,770,29.56,Refinance,VA,30,471559,85.3,402240,5.86,Approved,Low,1,Large,Middle,2024,11
1367,2024-02-21,NY,Northeast,Full-Time,78784,780,51.25,Refinance,Conventional,30,799506,69.29,553978,5.76,Pending,Medium,0,Large,Middle,2024,2
1368,2024-09-15,CA,West,Full-Time,116958,586,46.74,Purchase,FHA,30,854813,93.24,797028,7.78,Denied,High,0,"Very Large",High,2024,9
1369,2024-08-16,AZ,West,Full-Time,52324,735,34.63,Purchase,Conventional,30,584361,77.49,452821,6.32,Approved,Low,1,Large,Middle,2024,8
1370,2024-09-02,TX,South,Full-Time,60341,719,31.29,Purchase,Conventional,30,536393,79.99,429061,6.11,Approved,Low,1,Large,Middle,2024,9
1371,2024-07-06,GA,South,Full-Time,77315,704,20.49,Purchase,Conventional,30,390383,72.69,283769,6.38,Approved,Low,1,Medium,Middle,2024,7
1372,2024-11-16,WA,West,Part-Time,101355,728,25.4,Purchase,FHA,30,508191,94.86,482070,6.6,Approved,Medium,1,Large,High,2024,11
1373,2024-03-28,FL,South,Full-Time,87976,791,42.08,Refinance,FHA,30,410397,90.49,371368,5.78,Approved,Medium,1,Large,Middle,2024,3
1374,2024-01-04,CA,West,Full-Time,46266,691,41.5,Refinance,Conventional,30,695060,70.65,491060,6.43,Pending,Medium,0,Large,Low,2024,1
1375,2024-05-23,CA,West,Full-Time,59124,644,25.46,Purchase,FHA,30,496169,92,456475,7.5,Pending,Medium,0,Large,Middle,2024,5
1376,2024-07-23,CA,West,Full-Time,217246,636,29.74,Purchase,Conventional,15,885697,82.16,727689,6.95,Approved,Medium,1,"Very Large",High,2024,7
1377,2024-07-07,FL,South,Full-Time,114041,690,48.45,Refinance,Conventional,30,359591,82.88,298029,6.57,Pending,Medium,0,Medium,High,2024,7
1378,2024-07-05,WA,West,Self-Employed,59940,679,40.78,Purchase,VA,15,598366,90.82,543436,6.64,Pending,High,0,Large,Middle,2024,7
1379,2024-09-17,NY,Northeast,Full-Time,39321,749,37.51,Refinance,FHA,30,797651,95.55,762156,6.28,Pending,Medium,0,"Very Large",Low,2024,9
1380,2024-10-28,FL,South,Full-Time,80740,741,33.28,Purchase,FHA,30,465596,92.3,429745,6.15,Approved,Medium,1,Large,Middle,2024,10
1381,2024-05-17,WA,West,Self-Employed,86262,777,29.97,Refinance,FHA,30,590794,95.29,562968,6.11,Pending,Medium,0,Large,Middle,2024,5
1382,2024-01-02,FL,South,Self-Employed,51266,764,40.62,Purchase,FHA,15,308417,93.74,289110,5.44,Approved,Medium,1,Medium,Middle,2024,1
1383,2024-05-07,WA,West,Full-Time,57008,661,37.02,Purchase,FHA,30,504324,94.06,474367,7.03,Pending,High,0,Large,Middle,2024,5
1384,2024-12-23,IL,Midwest,Self-Employed,113692,618,31.72,Purchase,FHA,30,270024,91.66,247504,8.25,Pending,High,0,Medium,High,2024,12
1385,2024-02-01,NY,Northeast,Full-Time,53184,719,40.06,Refinance,VA,30,740723,96.79,716946,6.47,Pending,High,0,"Very Large",Middle,2024,2
1386,2024-12-06,CA,West,Part-Time,81383,585,41.5,Purchase,Conventional,30,814813,72.51,590821,7.93,Denied,Medium,0,Large,Middle,2024,12
1387,2024-05-18,PA,Northeast,Full-Time,104488,653,30.67,Refinance,VA,30,400729,82.92,332284,7.24,Approved,Medium,1,Large,High,2024,5
1388,2025-03-03,CA,West,Full-Time,99380,714,23.61,Purchase,Conventional,15,600099,77.28,463757,5.96,Approved,Low,1,Large,Middle,2025,3
1389,2024-02-25,AZ,West,Part-Time,71018,700,46.76,Purchase,VA,30,596780,93.94,560615,6.6,Denied,High,0,Large,Middle,2024,2
1390,2024-09-22,CA,West,Part-Time,108354,746,22.11,Refinance,Conventional,30,767552,72.3,554940,5.53,Approved,Low,1,Large,High,2024,9
1391,2024-07-14,FL,South,Part-Time,100770,695,18.64,Purchase,FHA,15,490266,95.98,470557,6.87,Approved,Medium,1,Large,High,2024,7
1392,2024-04-28,NY,Northeast,Full-Time,61774,625,45.1,Refinance,VA,30,750896,93.92,705242,7.63,Denied,High,0,"Very Large",Middle,2024,4
1393,2025-05-28,TX,South,Full-Time,81548,621,34.22,Purchase,FHA,30,526971,90.84,478700,7.58,Pending,High,0,Large,Middle,2025,5
1394,2024-01-10,CA,West,Self-Employed,106048,759,39.47,Refinance,Conventional,30,702952,73.57,517162,5.49,Approved,Low,1,Large,High,2024,1
1395,2024-05-15,PA,Northeast,Part-Time,58389,696,20.14,Purchase,FHA,30,474190,92.21,437251,7.02,Pending,Medium,0,Large,Middle,2024,5
1396,2024-04-04,IL,Midwest,Full-Time,86693,795,40.88,Purchase,Conventional,15,253834,68.08,172810,5.53,Approved,Low,1,Medium,Middle,2024,4
1397,2024-09-15,GA,South,Full-Time,107552,741,44.02,Refinance,Conventional,30,276168,79.41,219305,5.38,Approved,Medium,1,Medium,High,2024,9
1398,2024-01-15,FL,South,Full-Time,81843,734,41.27,Purchase,Conventional,30,584538,82.9,484582,6.43,Approved,Medium,1,Large,Middle,2024,1
1399,2024-03-09,FL,South,Self-Employed,99918,737,24.26,Purchase,Conventional,30,340076,72.74,247371,6.33,Approved,Low,1,Medium,Middle,2024,3
1400,2025-05-04,PA,Northeast,Full-Time,237497,692,21.13,Purchase,Conventional,15,302560,84,254150,6.64,Approved,Medium,1,Medium,High,2025,5
1401,2025-04-03,TX,South,Full-Time,111475,690,35.13,Purchase,Conventional,30,434353,69.77,303048,6.55,Approved,Low,1,Large,High,2025,4
1402,2024-06-08,CA,West,Full-Time,102872,716,38.95,Purchase,Conventional,30,562293,68.16,383259,6.19,Approved,Medium,1,Large,High,2024,6
1403,2024-05-21,AZ,West,Full-Time,105468,634,54.62,Refinance,VA,15,308286,86.96,268086,7.28,Pending,High,0,Medium,High,2024,5
1404,2024-12-18,WA,West,Self-Employed,108778,607,29.05,Purchase,Conventional,30,687143,68.15,468288,7.86,Approved,Medium,1,Large,High,2024,12
1405,2024-03-05,TX,South,Full-Time,81496,784,37.64,Purchase,FHA,30,359542,96.01,345196,5.72,Approved,Medium,1,Large,Middle,2024,3
1406,2025-06-23,WA,West,Full-Time,81753,787,51.91,Refinance,Conventional,30,685515,80.91,554650,5.57,Pending,Medium,0,Large,Middle,2025,6
1407,2024-07-01,NY,Northeast,Full-Time,108430,781,31.63,Purchase,FHA,30,531391,90.65,481706,5.71,Approved,Medium,1,Large,High,2024,7
1408,2024-10-08,TX,South,Part-Time,62135,710,35.92,Purchase,Conventional,30,356100,73.74,262588,6.33,Approved,Low,1,Medium,Middle,2024,10
1409,2024-02-15,WA,West,Full-Time,118907,644,38.26,Purchase,FHA,30,507465,95.88,486557,7.34,Pending,High,0,Large,High,2024,2
1410,2025-01-08,AZ,West,Self-Employed,110136,731,39.11,Purchase,FHA,30,364376,95.57,348234,6.65,Approved,Medium,1,Large,High,2025,1
1411,2025-02-15,IL,Midwest,Full-Time,42350,699,26.96,Purchase,VA,30,430170,83.95,361128,6.86,Approved,Medium,1,Large,Low,2025,2
1412,2024-04-07,IL,Midwest,Full-Time,119406,792,32.88,Purchase,Conventional,30,330339,68.3,225622,5.4,Approved,Low,1,Medium,High,2024,4
1413,2024-07-14,FL,South,Full-Time,68290,759,32.73,Purchase,Conventional,15,465601,79.03,367964,5.54,Approved,Low,1,Large,Middle,2024,7
1414,2024-09-20,NY,Northeast,Full-Time,71250,677,18.64,Purchase,FHA,30,489392,92.84,454352,6.87,Approved,Medium,1,Large,Middle,2024,9
1415,2025-01-09,GA,South,Full-Time,39718,776,41.08,Purchase,Conventional,30,272756,69.52,189620,5.43,Approved,Low,1,Medium,Low,2025,1
1416,2024-08-14,TX,South,Self-Employed,63026,686,23.42,Purchase,Conventional,30,433009,70.72,306224,6.79,Approved,Low,1,Large,Middle,2024,8
1417,2025-03-09,GA,South,Full-Time,100288,725,30.83,Refinance,FHA,15,364798,93.3,340357,6.12,Approved,Medium,1,Large,High,2025,3
1418,2024-11-24,NY,Northeast,Full-Time,112767,629,46.86,Refinance,VA,30,447688,86.63,387832,7.21,Pending,High,0,Large,High,2024,11
1419,2024-05-09,OH,Midwest,Full-Time,99102,768,29.53,Refinance,VA,30,327836,95.56,313280,6.19,Approved,Medium,1,Large,Middle,2024,5
1420,2024-12-25,AZ,West,Full-Time,155382,710,38.32,Purchase,Conventional,15,484888,81.86,396929,5.79,Approved,Medium,1,Large,High,2024,12
1421,2025-03-23,TX,South,Full-Time,111452,654,42.75,Purchase,Conventional,30,502157,82.98,416690,7.39,Approved,Medium,1,Large,High,2025,3
1422,2025-04-29,GA,South,Self-Employed,219237,694,38.72,Purchase,VA,30,373102,88.44,329971,6.72,Approved,Medium,1,Large,High,2025,4
1423,2024-11-15,WA,West,Full-Time,109667,771,37.2,Refinance,FHA,15,595881,90.81,541120,5.52,Approved,Medium,1,Large,High,2024,11
1424,2024-04-13,PA,Northeast,Full-Time,107170,699,35.8,Refinance,FHA,30,474020,96.01,455107,7.08,Approved,Medium,1,Large,High,2024,4
1425,2024-06-02,WA,West,Full-Time,98184,731,31.31,Purchase,Conventional,30,576275,73.89,425810,6.26,Approved,Low,1,Large,Middle,2024,6
1426,2025-05-04,AZ,West,Full-Time,74989,712,34.34,Refinance,Conventional,15,576820,85.52,493296,6.33,Approved,Medium,1,Large,Middle,2025,5
1427,2025-02-25,GA,South,Full-Time,46476,663,32.11,Refinance,Conventional,15,387203,85.66,331678,6.44,Pending,Medium,0,Large,Low,2025,2
1428,2024-04-22,CA,West,Full-Time,108799,641,40.09,Refinance,Conventional,30,866687,76.38,661976,6.92,Pending,Medium,0,"Very Large",High,2024,4
1429,2025-04-04,IL,Midwest,Self-Employed,59278,701,37.04,Refinance,Conventional,30,302429,75.87,229453,6.39,Approved,Medium,1,Medium,Middle,2025,4
1430,2024-04-03,FL,South,Self-Employed,55253,694,54.21,Refinance,VA,30,304438,89.85,273538,6.94,Pending,High,0,Medium,Middle,2024,4
1431,2024-10-29,CA,West,Full-Time,97711,615,40.41,Purchase,Conventional,30,514405,77.35,397892,7.64,Pending,Medium,0,Large,Middle,2024,10
1432,2024-03-05,NY,Northeast,Full-Time,60980,698,35.52,Refinance,FHA,30,763971,95.84,732190,6.92,Pending,Medium,0,"Very Large",Middle,2024,3
1433,2024-11-24,OH,Midwest,Part-Time,102806,781,29.31,Refinance,VA,15,344626,94.19,324603,5.84,Approved,Medium,1,Large,High,2024,11
1434,2025-05-27,CA,West,Part-Time,77121,589,42.49,Refinance,Conventional,30,638806,79.36,506956,7.77,Denied,Medium,0,Large,Middle,2025,5
1435,2024-09-11,FL,South,Full-Time,70837,738,33.62,Refinance,FHA,15,579423,90.66,525305,6.38,Pending,Medium,0,Large,Middle,2024,9
1436,2024-02-16,NY,Northeast,Full-Time,89405,624,47.23,Purchase,FHA,30,365725,95.18,348097,7.59,Denied,High,0,Large,Middle,2024,2
1437,2024-02-11,OH,Midwest,Self-Employed,61425,744,40.72,Refinance,VA,30,344891,89.01,306987,5.78,Approved,Medium,1,Large,Middle,2024,2
1438,2024-07-01,IL,Midwest,Full-Time,112052,761,31.34,Purchase,Conventional,30,263148,70.19,184704,5.83,Approved,Low,1,Medium,High,2024,7
1439,2025-01-01,WA,West,Full-Time,109924,644,38.95,Purchase,Conventional,15,709151,79.78,565761,6.84,Approved,Medium,1,Large,High,2025,1
1440,2025-04-26,AZ,West,Full-Time,103222,669,41.37,Refinance,VA,30,325589,89.39,291044,6.85,Approved,High,1,Medium,High,2025,4
1441,2024-04-10,CA,West,Part-Time,201384,653,34.54,Refinance,VA,30,536791,84.2,451978,7.07,Approved,Medium,1,Large,High,2024,4
1442,2024-05-14,WA,West,Self-Employed,115143,671,31.57,Purchase,VA,15,594655,90.74,539590,6.7,Approved,Medium,1,Large,High,2024,5
1443,2025-04-30,FL,South,Self-Employed,80344,657,24.01,Purchase,VA,30,311756,84.93,264774,7.19,Approved,Medium,1,Medium,Middle,2025,4
1444,2025-05-09,FL,South,Self-Employed,112163,713,20.05,Purchase,Conventional,30,621655,82.37,512057,6.14,Approved,Medium,1,Large,High,2025,5
1445,2025-05-11,IL,Midwest,Full-Time,53955,705,54.46,Refinance,Conventional,30,402926,84.62,340956,6.45,Pending,Medium,0,Large,Middle,2025,5
1446,2025-05-24,TX,South,Part-Time,230881,702,25.92,Refinance,FHA,30,473645,90.24,427417,6.52,Approved,Medium,1,Large,High,2025,5
1447,2025-06-26,IL,Midwest,Full-Time,66141,645,33.39,Purchase,Conventional,30,253304,85.73,217158,7.45,Approved,Medium,1,Medium,Middle,2025,6
1448,2024-07-15,TX,South,Part-Time,63035,718,32.27,Refinance,FHA,30,251355,95.7,240547,6.59,Approved,Medium,1,Medium,Middle,2024,7
1449,2024-04-26,GA,South,Full-Time,83250,653,40.91,Refinance,Conventional,30,336680,87.55,294763,7.09,Approved,High,1,Medium,Middle,2024,4
1450,2024-04-10,CA,West,Full-Time,115353,750,38.69,Purchase,Conventional,30,721292,74.23,535415,5.39,Approved,Low,1,Large,High,2024,4
1451,2024-04-14,OH,Midwest,Full-Time,85150,674,32.29,Purchase,VA,30,322523,87.18,281176,6.97,Approved,Medium,1,Medium,Middle,2024,4
1452,2024-07-31,IL,Midwest,Self-Employed,110940,718,32.57,Refinance,VA,30,248427,88.48,219808,6.3,Approved,Medium,1,Medium,High,2024,7
1453,2024-09-14,OH,Midwest,Part-Time,119034,716,34.33,Purchase,FHA,30,257341,94.52,243239,6.42,Approved,Medium,1,Medium,High,2024,9
1454,2024-06-25,CA,West,Full-Time,112899,730,30.23,Purchase,Conventional,30,685885,87.27,598572,6.54,Approved,Low,1,Large,High,2024,6
1455,2025-05-14,TX,South,Full-Time,102936,724,45.23,Refinance,Conventional,30,372873,78.72,293526,6.33,Approved,Medium,1,Medium,High,2025,5
1456,2024-06-18,TX,South,Full-Time,172411,676,35.2,Refinance,FHA,30,526953,92.63,488117,7.23,Approved,Medium,1,Large,High,2024,6
1457,2024-02-15,OH,Midwest,Full-Time,56835,682,31.68,Purchase,Conventional,15,185403,80.3,148879,6.29,Approved,Medium,1,Medium,Middle,2024,2
1458,2025-01-27,OH,Midwest,Self-Employed,247098,728,29.43,Refinance,Conventional,15,269474,80.69,217439,5.77,Approved,Low,1,Medium,High,2025,1
1459,2024-10-14,IL,Midwest,Full-Time,228283,589,41.38,Refinance,FHA,30,251248,96.09,241424,8.25,Denied,High,0,Medium,High,2024,10
1460,2024-02-14,IL,Midwest,Self-Employed,80544,776,33.87,Purchase,VA,30,309392,89.67,277432,5.45,Approved,Low,1,Medium,Middle,2024,2
1461,2025-04-02,OH,Midwest,Full-Time,114957,702,32.45,Purchase,FHA,30,387201,94.16,364588,6.53,Approved,Medium,1,Large,High,2025,4
1462,2024-08-03,FL,South,Full-Time,114024,666,22.14,Purchase,FHA,30,426109,90.95,387546,6.9,Approved,Medium,1,Large,High,2024,8
1463,2024-11-10,IL,Midwest,Self-Employed,172108,689,53.19,Purchase,Conventional,30,387373,84.84,328647,6.93,Pending,Medium,0,Large,High,2024,11
1464,2024-10-30,WA,West,Self-Employed,61371,636,31.53,Purchase,VA,30,761979,85.79,653702,7.06,Pending,Medium,0,"Very Large",Middle,2024,10
1465,2025-06-13,PA,Northeast,Self-Employed,55101,681,49.05,Refinance,Conventional,30,437916,78.5,343764,6.41,Pending,Medium,0,Large,Middle,2025,6
1466,2025-04-12,PA,Northeast,Full-Time,97742,698,30.11,Purchase,FHA,15,337048,93.68,315747,6.63,Approved,Medium,1,Large,Middle,2025,4
1467,2025-02-28,CA,West,Full-Time,59893,696,33.64,Refinance,FHA,30,833838,92.91,774719,6.82,Pending,Medium,0,"Very Large",Middle,2025,2
1468,2024-08-11,GA,South,Self-Employed,81267,717,18.45,Refinance,VA,15,292343,94.17,275299,6.42,Approved,Medium,1,Medium,Middle,2024,8
1469,2024-07-25,FL,South,Full-Time,119914,679,29.75,Purchase,Conventional,30,465209,70.42,327600,6.59,Approved,Medium,1,Large,High,2024,7
1470,2024-11-21,WA,West,Self-Employed,226132,701,34.71,Purchase,Conventional,15,477411,79.76,380783,5.82,Approved,Low,1,Large,High,2024,11
1471,2025-03-05,CA,West,Full-Time,91533,645,33.95,Purchase,FHA,30,488691,91.5,447152,7.54,Pending,Medium,0,Large,Middle,2025,3
1472,2025-02-18,OH,Midwest,Self-Employed,75999,743,32.86,Purchase,Conventional,30,364289,82.58,300830,5.43,Approved,Low,1,Large,Middle,2025,2
1473,2024-06-23,AZ,West,Full-Time,89816,597,33.28,Purchase,FHA,30,535778,91.79,491791,8.09,Pending,High,0,Large,Middle,2024,6
1474,2025-04-19,PA,Northeast,Full-Time,42320,713,50.25,Purchase,Conventional,30,464167,79.82,370498,5.94,Pending,Medium,0,Large,Low,2025,4
1475,2024-04-29,CA,West,Self-Employed,56265,733,33.81,Purchase,FHA,30,539761,90.53,488646,6.6,Pending,Medium,0,Large,Middle,2024,4
1476,2025-04-16,TX,South,Full-Time,42085,634,30.26,Refinance,FHA,15,362956,94.34,342413,7.12,Pending,High,0,Large,Low,2025,4
1477,2024-02-01,FL,South,Full-Time,87338,760,40.85,Purchase,Conventional,30,592932,74.43,441319,5.64,Approved,Low,1,Large,Middle,2024,2
1478,2024-11-02,PA,Northeast,Full-Time,52057,653,35.22,Refinance,FHA,30,286976,92.64,265855,7.25,Pending,Medium,0,Medium,Middle,2024,11
1479,2025-03-18,FL,South,Full-Time,110900,713,42.26,Purchase,FHA,30,382878,91.36,349797,6.28,Approved,High,1,Large,High,2025,3
1480,2025-03-01,TX,South,Part-Time,100974,693,39.84,Refinance,FHA,15,455448,90.65,412864,7.01,Approved,High,1,Large,High,2025,3
1481,2024-05-14,GA,South,Full-Time,94888,596,49.72,Purchase,Conventional,30,383183,85.57,327890,7.72,Denied,High,0,Large,Middle,2024,5
1482,2024-04-06,NY,Northeast,Full-Time,111093,734,30.75,Purchase,FHA,30,577589,95.59,552117,6.74,Approved,Medium,1,Large,High,2024,4
1483,2025-02-07,CA,West,Full-Time,101957,795,46.17,Purchase,Conventional,30,651555,70.88,461822,5.55,Approved,Medium,1,Large,High,2025,2
1484,2025-04-17,IL,Midwest,Part-Time,64690,706,31.45,Purchase,FHA,30,343689,94.85,325989,6.65,Approved,Medium,1,Large,Middle,2025,4
1485,2025-03-20,IL,Midwest,Self-Employed,95700,688,51.5,Refinance,VA,30,493323,89.95,443744,7.09,Pending,High,0,Large,Middle,2025,3
1486,2024-04-28,OH,Midwest,Part-Time,66524,622,42.92,Purchase,FHA,30,242546,91.88,222851,7.5,Pending,High,0,Medium,Middle,2024,4
1487,2024-12-31,AZ,West,Full-Time,73240,599,41.79,Purchase,Conventional,30,500617,68.05,340670,7.62,Pending,Medium,0,Large,Middle,2024,12
1488,2025-05-01,AZ,West,Self-Employed,52119,582,24.89,Refinance,FHA,30,396343,93.4,370184,8.02,Denied,High,0,Large,Middle,2025,5
1489,2024-12-16,OH,Midwest,Self-Employed,244258,642,30.1,Refinance,VA,30,241832,90.1,217891,7.49,Approved,Medium,1,Medium,High,2024,12
1490,2024-05-16,CA,West,Full-Time,108877,699,21.74,Refinance,Conventional,30,611400,84.67,517672,6.87,Approved,Medium,1,Large,High,2024,5
1491,2024-12-20,OH,Midwest,Self-Employed,133032,683,40.63,Refinance,Conventional,30,283842,79.96,226960,6.56,Approved,Medium,1,Medium,High,2024,12
1492,2025-03-24,WA,West,Self-Employed,64503,625,23.28,Purchase,Conventional,30,727488,74.54,542270,7.3,Pending,Medium,0,Large,Middle,2025,3
1493,2024-09-28,TX,South,Full-Time,164711,667,20.09,Purchase,Conventional,30,285175,85.78,244623,6.83,Approved,Medium,1,Medium,High,2024,9
1494,2024-01-17,TX,South,Full-Time,72830,645,30.15,Purchase,Conventional,30,536681,85.77,460311,7.03,Pending,Medium,0,Large,Middle,2024,1
1495,2024-10-11,TX,South,Full-Time,117955,651,41.31,Purchase,Conventional,30,314134,76.75,241098,7.26,Approved,Medium,1,Medium,High,2024,10
1496,2024-08-30,NY,Northeast,Full-Time,52701,735,31.43,Refinance,Conventional,30,777056,73.04,567562,6.39,Approved,Low,1,Large,Middle,2024,8
1497,2024-01-19,WA,West,Full-Time,43774,591,35.11,Refinance,Conventional,15,512242,68.39,350322,7.64,Denied,Medium,0,Large,Low,2024,1
1498,2024-11-03,CA,West,Full-Time,49902,711,18.22,Purchase,FHA,15,776811,93.16,723677,6.46,Approved,Medium,1,"Very Large",Low,2024,11
1499,2024-03-21,FL,South,Part-Time,175026,642,38.09,Refinance,VA,30,463628,96.18,445917,7.26,Pending,High,0,Large,High,2024,3
1500,2025-02-15,FL,South,Self-Employed,46479,736,33.54,Refinance,FHA,15,578844,96.14,556501,6.22,Pending,Medium,0,Large,Low,2025,2
